"ID","Description","GeneRatio","BgRatio","pvalue","p.adjust","qvalue","geneID","Count"
"R-HSA-189200","Cellular hexose transport","4/120","13/7637",3.71551562979669e-05,0.0176115440852363,0.0164264901527854,"SLC2A14/SLC2A3/SLC2A9/SLC5A9",4
"R-HSA-448706","Interleukin-1 processing","3/120","7/7637",0.000126478589705123,0.0299754257601142,0.0279584250927114,"CASP1/IL1A/IL1B",3
"R-HSA-1482788","Acyl chain remodelling of PC","4/120","22/7637",0.00034070207622029,0.0403731960321043,0.0376565452664531,"LPCAT3/PLA2G3/PLA2G5/PLBD1",4
"R-HSA-1482839","Acyl chain remodelling of PE","4/120","22/7637",0.00034070207622029,0.0403731960321043,0.0376565452664531,"LPCAT3/PLA2G3/PLA2G5/PLBD1",4
