"ID","Description","GeneRatio","BgRatio","pvalue","p.adjust","qvalue","geneID","Count"
"913709","O-linked glycosylation of mucins","7/115","42/4907",4.42519615009459e-05,0.010633612546217,0.0095768086605826,"B3GNT6/GALNT6/MUC13/MUC16/MUC21/MUC4/MUC5B",7
"977068","Termination of O-glycan biosynthesis","5/115","19/4907",5.79488422137164e-05,0.010633612546217,0.0095768086605826,"MUC13/MUC16/MUC21/MUC4/MUC5B",5
"5173105","O-linked glycosylation","7/115","52/4907",0.00018083414134067,0.0221220432906753,0.0199234808354283,"B3GNT6/GALNT6/MUC13/MUC16/MUC21/MUC4/MUC5B",7
"445095","Interaction between L1 and Ankyrins","4/115","15/4907",0.00032007534000568,0.0293669124455212,0.0264483307267852,"KCNQ2/KCNQ3/SPTB/SPTBN5",4
"382551","Transmembrane transport of small molecules","19/115","350/4907",0.000423146777382165,0.0310589734598509,0.0279722290732631,"ABCA4/ABCC3/ALB/ANO9/CP/LCN12/LCN2/NUP210/SCNN1D/SGK2/SLC22A18/SLC26A1/SLC28A2/SLC39A5/SLC6A3/SLC7A10/SLC9A5/TRPM8/TRPV1",19
"140875","Common Pathway of Fibrin Clot Formation","4/115","17/4907",0.000538189193562364,0.0324811274065786,0.0292530446168527,"F2/F5/FGB/PROC",4
"597592","Post-translational protein modification","16/115","276/4907",0.000619531040452453,0.0324811274065786,0.0292530446168527,"B3GNT6/F2/FUT8/GALNT6/GFPT1/MUC13/MUC16/MUC21/MUC4/MUC5B/NUP210/PIGL/PMM2/PROC/SRD5A3/ST6GALNAC1",16
