"ID","Description","GeneRatio","BgRatio","pvalue","p.adjust","qvalue","geneID","Count"
"R-HSA-9028335","Activated NTRK2 signals through PI3K","3/114","6/7637",6.27128354850608e-05,0.0133657884769067,0.011849149031193,"BDNF/GAB1/NTRK2",3
"R-HSA-448706","Interleukin-1 processing","3/114","7/7637",0.000108552920221047,0.0133657884769067,0.011849149031193,"CASP1/IL1A/IL1B",3
"R-HSA-3560783","Defective B4GALT7 causes EDS, progeroid type","4/114","18/7637",0.000122621912632171,0.0133657884769067,0.011849149031193,"CSPG4/GPC3/GPC5/SDC2",4
"R-HSA-3560801","Defective B3GAT3 causes JDSSDHD","4/114","18/7637",0.000122621912632171,0.0133657884769067,0.011849149031193,"CSPG4/GPC3/GPC5/SDC2",4
"R-HSA-4420332","Defective B3GALT6 causes EDSP2 and SEMDJL1","4/114","18/7637",0.000122621912632171,0.0133657884769067,0.011849149031193,"CSPG4/GPC3/GPC5/SDC2",4
"R-HSA-1971475","A tetrasaccharide linker sequence is required for GAG synthesis","4/114","23/7637",0.000334975047105141,0.0304269001120503,0.0269743064247824,"CSPG4/GPC3/GPC5/SDC2",4
